,User_ID,Changed Field,Initial Value,Final Value,Delta,Number of Changes
49,@7kaVS0tvN987700,Location,Osaka pre. Toyonaka,Shizuoka pre. Ito,,1
83,@Abdul_8515,Location,India,india,,3
227,@BadDad936,Location,"Glide, Oregon","Oregon, USA",,1
361,@CedarOneRealty,Location,"Wintersville, OH",6 Offices in the OH Valley,,1
766,@Future_dividend,Location,"Jacksonville Beach, FL","Zurich, Switzerland",,1
830,@Global_NewsWire,Location,United States,Global,,1
1539,@PNUKcom,Location,Worldwide via The UK,Donnt,,1
1684,@Randyleary047,Location,"Georgia, USA","California, USA",,1
1765,@SECURE_TECHS,Location,WORLDWIDE SERVICE,United States,,1
1777,@SShanthReddy,Location,Prabhas,India,,2
1920,@Stock_Precision,Location,"Lucknow, Delhi, Banglore",Lucknow/Banglore,,1
2001,@ThanRuabk,Location,"Hanoi, Vietnam","Hanoi, Vietnam",,2
2544,@cyb3rshi3ld,Location,Join CyberSHIELD for FREE,Top 1% mindset â†’,,1
3465,@techday_uk,Location,United Kingdom,London,,1
